<?xml version="1.0" encoding="UTF-8"?>
<project-private xmlns="http://www.netbeans.org/ns/project-private/1">
    <editor-bookmarks xmlns="http://www.netbeans.org/ns/editor-bookmarks/2" lastBookmarkId="0"/>
    <open-files xmlns="http://www.netbeans.org/ns/projectui-open-files/2">
        <group>
            <file>file:/home/reroes/Dropbox/personal/clasesUTPL/CLASES_ABRIL_AGOSTO_2020/CURSOFORMACIONDOCENTE/FLIPPEDLEARNINGNIVEL1/unidad3/video3/EjercicioDemoDos/src/ejerciciodemodos/Principal.java</file>
            <file>file:/home/reroes/Dropbox/personal/clasesUTPL/CLASES_ABRIL_AGOSTO_2020/CURSOFORMACIONDOCENTE/FLIPPEDLEARNINGNIVEL1/unidad3/video3/EjercicioDemoDos/src/ejerciciodemodos/Pais.java</file>
        </group>
    </open-files>
</project-private>
